"wavelength_nm","otc_arbunits","lamp_arbunits","absorbance"
189.247,-9.406,-13.744,0.1647082
189.587,-9.406,-13.744,0.1647082
189.926,-9.406,-13.744,0.1647082
190.266,-56.751635,-63.028941,0.04556163
190.606,-85.719144,-93.69498,0.0386385
190.945,-93.957912,-94.461707,0.002322433
191.285,-98.647599,-92.933022,-0.02591646
191.625,-93.375773,-96.88972,0.01604349
191.965,-93.80639,-88.287641,-0.02633251
192.304,-81.995733,-92.999047,0.05468725
192.644,-75.570506,-85.693031,0.05459317
192.984,-67.928727,-71.37447,0.02148942
193.323,-51.77635,-49.869725,-0.01629446
193.663,-38.514319,-38.795099,0.003154636
194.003,-26.81227,-30.7541,0.05956944
194.342,-7.24251,-6.933516,-0.01893558
194.682,19.137156,27.30083,0.1542984
195.022,46.937808,46.624641,-0.002907303
195.361,55.35394,69.118377,0.09644499
195.701,77.892178,80.733585,0.01556039
196.041,98.957204,104.777,0.02481853
196.38,126.96215,123.19092,-0.01309555
196.72,146.58313,137.25667,-0.02855051
197.06,162.97291,153.10706,-0.0271202
197.4,190.67082,174.69942,-0.03799278
197.739,211.7797,213.6918,0.003903538
198.079,263.42415,280.05963,0.02659492
198.419,390.17255,405.60381,0.01684531
198.758,431.36855,448.85096,0.01725368
199.098,448.24424,464.79204,0.01574396
199.438,467.91403,475.95003,0.007395287
199.777,489.55391,489.56445,9.355791e-06
200.117,506.46563,505.58567,-0.0007552234
200.457,520.64761,523.0003,0.001958053
200.796,538.06622,545.58404,0.006025933
201.136,544.3304,562.45169,0.01422264
201.476,553.40293,579.2546,0.01982804
201.815,577.25653,582.13253,0.003653017
202.155,587.52617,589.4535,0.001422335
202.495,596.98404,597.84909,0.000628854
202.835,609.1889,615.7643,0.004662524
203.174,614.42543,636.76263,0.01550839
203.514,613.48245,636.59739,0.0160627
203.854,626.54614,645.67728,0.01306244
204.193,627.46144,635.19572,0.005320524
204.533,636.54917,642.88559,0.004301733
204.873,648.83497,660.43234,0.007694088
205.212,651.51936,655.40831,0.002584618
205.552,652.73459,652.78481,3.341364e-05
205.892,648.96676,655.48614,0.00434106
206.231,640.89557,655.83008,0.01000406
206.571,649.73122,666.4608,0.01104088
206.911,663.55019,650.07726,-0.008908804
207.25,653.62454,659.56364,0.003928357
207.59,653.41365,669.39992,0.01049745
207.93,647.91876,666.24155,0.01211116
208.27,654.74299,657.18475,0.001616621
208.609,660.96704,654.5267,-0.004252438
208.949,658.14161,658.31122,0.0001119111
209.289,652.00705,658.91307,0.00457583
209.628,646.38662,653.72282,0.004901287
209.968,647.14969,655.7021,0.005701826
210.308,637.28628,651.9264,0.009864
210.647,639.13487,653.11262,0.009395561
210.987,649.66043,648.28915,-0.0009176625
211.327,646.16695,648.90941,0.001839332
211.666,646.58743,646.51549,-4.832071e-05
212.006,647.66897,639.2024,-0.005714691
212.346,633.38721,637.66271,0.002921729
212.685,624.29923,645.24679,0.01433305
213.025,627.90248,650.47604,0.0153391
213.365,620.42163,642.7219,0.01533616
213.705,622.97211,641.28058,0.01257949
214.044,620.77105,629.85233,0.006307288
214.384,617.02288,625.50138,0.005927001
214.724,620.83544,627.20847,0.004435415
215.063,619.64741,630.8159,0.007757994
215.403,607.18131,632.52454,0.01775898
215.743,612.37757,624.714,0.008661961
216.082,618.97293,624.87752,0.00412324
216.422,613.36126,631.50766,0.01266228
216.762,607.59431,623.72254,0.01137774
217.101,610.91153,626.60072,0.01101257
217.441,607.37275,631.9735,0.01724356
217.781,601.27848,630.0785,0.020319
218.121,606.13813,623.79279,0.01246874
218.46,616.17835,619.43685,0.002290602
218.8,609.53612,615.10557,0.003950216
219.14,617.49909,616.08585,-0.0009950832
219.479,607.29658,618.84071,0.008178038
219.819,615.67911,623.18337,0.00526144
220.159,602.8948,616.82071,0.00991741
220.498,603.69853,612.74657,0.006460765
220.838,604.76976,617.46753,0.009024062
221.178,603.98251,618.16241,0.01007823
221.517,608.13975,614.87882,0.004786146
221.857,603.73233,626.40932,0.01601378
222.197,603.45537,610.28749,0.004889314
222.536,614.23884,615.28678,0.0007403072
222.876,604.10348,623.05099,0.01341225
223.216,602.45466,623.44374,0.0148729
223.556,604.26434,618.51002,0.01011977
223.895,609.08484,621.40635,0.008697897
224.235,614.78984,633.48379,0.01300883
224.575,617.62608,636.95071,0.0133802
224.914,617.01428,621.08261,0.002854158
225.254,615.7,620.51357,0.003382129
225.594,619.11056,610.59039,-0.006018242
225.933,610.60257,632.99386,0.01564086
226.273,615.0282,640.82507,0.01784446
226.613,614.99674,639.82312,0.01718712
226.952,616.36822,644.21124,0.01918806
227.292,618.94506,643.51805,0.01690863
227.632,617.85897,634.80974,0.01175423
227.971,616.73402,636.90184,0.01397459
228.311,623.8584,648.01379,0.01649822
228.651,614.93711,628.73379,0.009636103
228.991,628.16481,619.9115,-0.005743912
229.33,617.98064,631.62874,0.009487017
229.67,618.38418,645.54842,0.01867045
230.01,620.27147,642.80788,0.01549939
230.349,619.61502,638.82359,0.01325901
230.689,622.99489,639.28705,0.01121142
231.029,629.52046,633.28844,0.002591708
231.368,625.84582,628.03461,0.001516223
231.708,628.89799,633.10187,0.002893386
232.048,630.12504,655.56599,0.01718968
232.387,632.10419,652.23508,0.01361548
232.727,627.51765,655.7571,0.01911706
233.067,626.86237,644.58459,0.01210772
233.406,632.46589,647.1005,0.009934628
233.746,637.17265,655.63424,0.0124045
234.086,638.15878,645.42461,0.00491677
234.426,638.68,634.07678,-0.003141468
234.765,627.71328,641.38394,0.00935676
235.105,638.99272,638.82555,-0.000113637
235.445,631.91563,618.03079,-0.009648987
235.784,620.57938,630.03827,0.00656959
236.124,626.92517,634.8238,0.005437493
236.464,642.5832,645.51422,0.001976447
236.803,643.56298,650.71231,0.004797967
237.143,635.48532,654.64201,0.01289835
237.483,641.25977,669.80382,0.01891363
237.822,643.67028,653.15202,0.006350815
238.162,628.2741,640.29913,0.008233754
238.502,639.82888,657.87688,0.01208078
238.841,636.67278,650.23781,0.009155933
239.181,632.80179,648.52187,0.01065693
239.521,632.95785,650.29363,0.01173471
239.861,638.94014,652.8357,0.00934372
240.2,638.73958,653.80966,0.0101275
240.54,632.52589,652.31165,0.01337683
240.88,638.68285,649.31988,0.007173448
241.219,635.10498,642.56599,0.005072217
241.559,639.32285,658.91047,0.01310618
241.899,643.07955,640.26773,-0.001903083
242.238,639.35949,644.99312,0.003809968
242.578,641.78067,638.56745,-0.002179852
242.918,646.07458,636.84987,-0.006245586
243.257,640.7664,647.76069,0.004714862
243.597,634.64203,657.66542,0.01547618
243.937,641.48686,655.30078,0.00925292
244.277,645.12546,653.36104,0.005509051
244.616,645.95913,663.44635,0.01160077
244.956,646.06337,650.6658,0.003082861
245.296,638.84141,655.73589,0.01133589
245.635,634.47694,652.53053,0.01218499
245.975,636.50459,648.35566,0.008011762
246.315,646.33659,648.43585,0.001408276
246.654,652.99815,656.41331,0.002265431
246.994,651.5672,668.72644,0.01128928
247.334,649.7959,673.01985,0.0152509
247.673,643.56423,663.18038,0.01303977
248.013,637.10416,659.36832,0.01491764
248.353,653.21705,653.81972,0.0004005013
248.692,648.50078,652.79917,0.002869087
249.032,650.84227,651.12473,0.0001884365
249.372,650.64407,647.78521,-0.001912448
249.712,650.11479,658.54235,0.005593657
250.051,650.68771,669.08275,0.01210722
250.391,648.74598,659.37029,0.007054692
250.731,645.8128,650.17253,0.002921972
251.07,647.08993,668.21277,0.01395013
251.41,638.19094,672.6431,0.02283406
251.75,645.66464,660.97107,0.01017545
252.089,648.30176,662.86556,0.009648255
252.429,651.81127,663.86522,0.007958054
252.769,649.87846,672.2548,0.01470177
253.108,648.08841,675.702,0.01812095
253.448,648.84211,670.57809,0.01431033
253.788,647.55602,666.28913,0.01238538
254.127,646.63519,662.73551,0.01068091
254.467,654.17,665.31092,0.007334032
254.807,650.55206,663.4548,0.008529284
255.147,657.28489,666.81482,0.006251595
255.486,645.76829,677.97226,0.02113521
255.826,644.82181,664.52444,0.01307124
256.166,649.46566,662.10929,0.008373492
256.505,654.80223,669.66713,0.00974883
256.845,660.85349,668.84711,0.005221671
257.185,663.04635,660.85927,-0.001434905
257.524,656.44288,659.69884,0.00214878
257.864,659.60676,674.17503,0.00948757
258.204,654.45572,680.46376,0.01692474
258.543,645.117,672.78104,0.01823525
258.883,650.59053,678.9807,0.01854969
259.223,655.53436,671.02118,0.01014077
259.562,656.38165,664.22955,0.005161766
259.902,657.42384,665.69406,0.005429235
260.242,658.39935,673.16781,0.009633946
260.582,657.59878,681.02217,0.01520025
260.921,659.54045,678.90667,0.01256864
261.261,658.63948,674.5207,0.01034752
261.601,656.65047,669.36966,0.008331759
261.94,651.9065,671.06375,0.01257847
262.28,655.65532,685.61374,0.01940392
262.62,655.33742,676.1146,0.01355535
262.959,658.26915,670.23224,0.007821812
263.299,658.08148,671.76722,0.008939142
263.639,654.84685,673.27226,0.01205098
263.978,654.65149,675.17852,0.01340846
264.318,651.4308,673.8747,0.01471087
264.658,652.80296,668.71955,0.01046191
264.997,649.66677,690.21092,0.02629117
265.337,660.56626,675.57832,0.009759319
265.677,662.56576,677.10984,0.009430138
266.017,670.39355,676.50673,0.003942292
266.356,664.30367,676.16513,0.007686115
266.696,656.11524,675.62941,0.01272842
267.036,649.92815,673.26808,0.01532268
267.375,644.40276,671.21323,0.01770311
267.715,653.79132,675.50161,0.01418724
268.055,659.38597,692.47641,0.02126528
268.394,658.24947,686.17821,0.0180464
268.734,654.08562,686.6835,0.02112201
269.074,660.74105,681.94839,0.01372022
269.413,665.91426,702.70498,0.02335472
269.753,657.49913,695.35621,0.02431216
270.093,660.18807,690.1949,0.01930407
270.433,667.1395,698.64629,0.0200407
270.772,662.70413,694.94255,0.02062923
271.112,661.69867,681.93756,0.01308435
271.452,664.66933,691.28631,0.01705232
271.791,662.88372,692.42668,0.01893644
272.131,657.35776,680.7237,0.01516908
272.471,660.43048,697.06258,0.02344466
272.81,664.2306,682.67688,0.01189631
273.15,664.65898,685.39928,0.01334477
273.49,665.99751,683.50786,0.01127091
273.829,666.14552,686.64806,0.01316508
274.169,662.67727,696.10137,0.02137041
274.509,662.03115,686.35186,0.01566839
274.848,669.09054,678.94268,0.006348223
275.188,664.75975,692.8424,0.01796975
275.528,670.04238,694.90764,0.01582481
275.868,663.8325,685.05078,0.01366425
276.207,652.70235,693.76654,0.02649818
276.547,657.23608,687.90955,0.01980994
276.887,660.86796,683.89414,0.01487418
277.226,657.92166,694.75935,0.02366022
277.566,653.55504,709.23173,0.03550599
277.906,657.13247,706.67252,0.03156528
278.245,669.11146,689.93172,0.01330764
278.585,660.66654,695.72231,0.02245362
278.925,660.21283,688.37041,0.01813823
279.264,656.81715,689.50995,0.02109605
279.604,668.47659,685.61503,0.01099412
279.944,667.14041,697.77328,0.01949709
280.283,670.0754,707.20541,0.0234219
280.623,668.81045,702.77501,0.02151326
280.963,669.15802,697.79462,0.01819893
281.303,673.66049,701.70091,0.01771096
281.642,669.90282,703.48097,0.02124055
281.982,662.03279,701.18139,0.02495088
282.322,661.98678,730.09613,0.04253073
282.661,666.34989,703.20731,0.02338104
283.001,668.61863,685.77966,0.01100613
283.341,670.97755,686.43019,0.009888382
283.68,671.59525,692.2643,0.01316432
284.02,668.52229,689.28399,0.0132823
284.36,666.05174,693.61774,0.01761223
284.699,666.49044,698.36543,0.0202888
285.039,665.38283,702.73445,0.02371966
285.379,660.55165,720.7675,0.03788842
285.718,661.72226,710.80181,0.03107278
286.058,665.56082,717.8848,0.03286701
286.398,669.92332,712.80125,0.02694336
286.738,664.20078,712.34382,0.03039028
287.077,662.91234,702.78043,0.02536355
287.417,666.45129,707.96342,0.02624241
287.757,662.95783,703.50124,0.02577896
288.096,665.78143,705.29652,0.02504007
288.436,670.16797,712.79842,0.02678306
288.776,667.62806,706.38628,0.02450768
289.115,675.7822,703.76376,0.01762015
289.455,678.15618,722.70362,0.02763051
289.795,667.35144,710.45324,0.0271809
290.134,660.77145,707.964,0.0299599
290.474,679.35583,714.65637,0.02199996
290.814,668.43909,728.40093,0.03730865
291.153,659.70304,731.65738,0.04495927
291.493,667.18412,728.97763,0.0384685
291.833,666.83812,721.31303,0.03410336
292.173,664.02765,715.37679,0.03234868
292.512,671.78906,716.93456,0.02824659
292.852,661.94358,718.52893,0.03562329
293.192,657.33435,729.3815,0.04516842
293.531,671.66578,732.46654,0.03763457
293.871,666.6169,725.89316,0.03699639
294.211,658.84777,724.70962,0.04137895
294.55,662.19344,729.52932,0.04205788
294.89,663.97898,713.93891,0.03150673
295.23,669.85307,725.55504,0.03469081
295.569,675.03658,742.29166,0.04124727
295.909,673.11328,746.71498,0.0450667
296.249,668.34334,747.16856,0.04841897
296.589,670.22742,725.88274,0.03464428
296.928,684.65753,729.4345,0.02751291
297.268,667.17689,724.82101,0.03598978
297.608,671.90884,752.47146,0.04917967
297.947,667.39163,739.55777,0.04459135
298.287,677.62539,746.27896,0.04191152
298.627,673.87356,734.94704,0.03767763
298.966,670.40871,740.63575,0.04326502
299.306,667.26724,758.71163,0.05577694
299.646,665.25294,765.68209,0.06106168
299.985,668.93541,758.57414,0.05461385
300.325,669.32582,746.31466,0.0472844
300.665,669.67774,748.90896,0.04856316
301.004,666.25068,756.2963,0.05505431
301.344,669.03558,750.76658,0.05005572
301.684,672.75739,762.93178,0.05462723
302.024,673.43357,745.22647,0.04399351
302.363,668.872,752.64298,0.051246
302.703,669.67786,764.10132,0.05728501
303.043,672.77689,761.71252,0.05392003
303.382,669.47137,755.33468,0.05240742
303.722,665.82445,755.9027,0.05510616
304.062,669.6438,759.26867,0.05455163
304.401,663.65938,764.29648,0.06131662
304.741,668.16911,779.03235,0.0666691
305.081,676.09031,777.5695,0.06073451
305.42,670.02279,769.31612,0.06001526
305.76,667.40476,774.58964,0.06468238
306.1,666.52028,770.3007,0.06284692
306.439,666.10115,773.37781,0.06485152
306.779,666.25061,776.99146,0.06677863
307.119,669.33622,782.56328,0.06787514
307.459,671.56538,791.82035,0.07153836
307.798,669.06347,793.0276,0.07382099
308.138,668.69132,785.84352,0.07011039
308.478,664.49691,785.97318,0.07291476
308.817,663.66108,794.54209,0.07817056
309.157,669.19598,801.7642,0.07849334
309.497,663.14914,796.89818,0.07979163
309.836,671.41628,796.55719,0.07422509
310.176,666.40296,805.57026,0.08236651
310.516,666.75595,814.50916,0.08692908
310.855,667.72493,818.18571,0.0882543
311.195,664.84786,812.89313,0.08731118
311.535,662.79948,808.27008,0.08617434
311.874,658.48674,817.4504,0.09391438
312.214,662.384,814.41388,0.08973533
312.554,664.27318,802.59333,0.08214883
312.894,668.66965,800.60268,0.07820543
313.233,671.13363,813.86768,0.0837448
313.573,672.72452,826.77773,0.08955151
313.913,669.98937,826.64055,0.09124879
314.252,667.59277,816.29073,0.08733324
314.592,666.78557,825.85756,0.09291896
314.932,665.25614,842.52686,0.1025949
315.271,667.36742,852.26891,0.1062116
315.611,675.41205,862.06845,0.1059729
315.951,676.95633,862.66828,0.1052832
316.29,669.62453,864.12122,0.1107433
316.63,666.91764,863.87041,0.1123764
316.97,657.78482,861.87989,0.1173629
317.309,661.46491,858.23095,0.1130974
317.649,660.53178,857.45074,0.1133155
317.989,658.95502,864.28479,0.1178011
318.329,666.23432,871.16579,0.1164738
318.668,660.30337,875.22787,0.1223776
319.008,655.44398,888.99928,0.1323658
319.348,665.56091,898.37758,0.1302711
319.687,669.00544,891.82561,0.1248503
320.027,664.12962,910.33691,0.1369493
320.367,663.93953,912.9095,0.1382992
320.706,663.39016,902.69886,0.1337739
321.046,666.29689,903.85068,0.1324289
321.386,673.5502,907.31574,0.1293885
321.725,664.15796,923.76738,0.1432912
322.065,664.41372,924.02791,0.1432465
322.405,674.3387,924.69549,0.1371207
322.745,672.01257,925.28935,0.1389002
323.084,667.18475,929.17458,0.1438512
323.424,668.72247,941.33303,0.1484974
323.764,664.06647,951.47184,0.1561844
324.103,663.55801,950.33361,0.1559972
324.443,667.44023,942.26814,0.1497621
324.783,658.99639,955.79899,0.1614835
325.122,667.41699,987.04848,0.1699412
325.462,662.01966,958.19321,0.1605822
325.802,660.82796,959.11184,0.1617808
326.141,657.17848,971.32937,0.1696832
326.481,662.98391,972.75007,0.1664983
326.821,662.0519,973.34513,0.1673748
327.16,654.28275,981.86273,0.1762853
327.5,650.68749,982.2383,0.1788444
327.84,650.38699,975.67349,0.1761327
328.18,652.05492,989.90131,0.1813077
328.519,650.0818,977.42495,0.1771154
328.859,653.00422,998.30549,0.1843475
329.199,659.43015,994.4257,0.1784035
329.538,661.05305,1012.787,0.1852818
329.878,656.53362,1008.4063,0.1863786
330.218,650.96642,1003.3658,0.1879007
330.557,655.14273,1018.8572,0.1917774
330.897,667.05364,1037.8109,0.1919575
331.237,671.25128,1053.6552,0.1958134
331.576,674.04214,1060.8843,0.196981
331.916,678.64864,1063.802,0.1952158
332.256,666.69136,1076.7903,0.2082063
332.595,667.34716,1061.7258,0.2016605
332.935,664.16245,1050.4606,0.1991054
333.275,660.606,1055.6065,0.2035596
333.615,654.23912,1066.9035,0.2123886
333.954,660.58672,1089.6861,0.2173716
334.294,661.37987,1086.1939,0.2154564
334.634,657.05155,1084.7256,0.2177205
334.973,657.57219,1086.7577,0.2181893
335.313,655.52655,1092.2211,0.2217203
335.653,649.85713,1094.7886,0.2265124
335.992,647.38332,1093.2447,0.2275559
336.332,650.14038,1101.2063,0.2288615
336.672,660.27106,1115.3922,0.2277053
337.011,665.977,1108.2696,0.2211862
337.351,655.98868,1109.0211,0.2280435
337.691,653.42031,1114.6807,0.2319579
338.03,653.68983,1111.1034,0.2303828
338.37,652.49496,1083.1467,0.2201101
338.71,656.6638,1101.9774,0.2248296
339.05,656.9295,1108.6489,0.2272753
339.389,655.4707,1124.6887,0.234479
339.729,658.47988,1140.7497,0.2386479
340.069,658.34913,1153.2817,0.2434791
340.408,653.11127,1174.4416,0.2548442
340.748,654.2605,1180.4601,0.2563006
341.088,652.14517,1177.8678,0.2567523
341.427,656.09925,1184.0076,0.2563849
341.767,657.13645,1210.5171,0.2653154
342.107,662.20446,1208.9466,0.261415
342.446,660.65302,1237.143,0.2724465
342.786,653.94082,1235.0176,0.2761347
343.126,652.80066,1246.3589,0.2808625
343.465,662.27973,1262.3878,0.2801513
343.805,660.14618,1275.7621,0.2861296
344.145,654.10433,1284.2377,0.2929984
344.485,655.39331,1297.0426,0.2964522
344.824,654.89987,1313.1081,0.3021256
345.164,651.2789,1308.1463,0.3028893
345.504,647.90751,1295.0515,0.300774
345.843,653.02885,1308.9108,0.3019777
346.183,655.39375,1316.779,0.3030106
346.523,657.68808,1313.555,0.3004283
346.862,654.52282,1308.269,0.3007723
347.202,654.90829,1330.1924,0.307734
347.542,653.46207,1323.7411,0.3065827
347.881,655.39147,1326.3641,0.306162
348.221,659.43474,1341.6413,0.3084646
348.561,657.58929,1358.1335,0.3149877
348.901,654.88189,1370.7427,0.320793
349.24,658.06019,1384.0254,0.3228785
349.58,655.70101,1402.0959,0.3300719
349.92,646.05827,1407.0377,0.338034
350.259,650.65827,1423.6911,0.3400628
350.599,639.3111,1419.7635,0.3465038
350.939,653.15101,1439.3081,0.3431402
351.278,656.63159,1451.2886,0.344432
351.618,657.07554,1451.8614,0.3443099
351.958,646.00027,1469.523,0.3569437
352.297,650.8443,1480.9712,0.3570695
352.637,649.82719,1478.9896,0.3571672
352.977,648.43316,1483.6001,0.3594516
353.316,650.59712,1493.6936,0.3609494
353.656,647.10822,1502.4304,0.3658174
353.996,646.96428,1511.774,0.3686066
354.336,654.93663,1509.3719,0.362597
354.675,662.04809,1539.5809,0.366513
355.015,650.76292,1540.0056,0.3740995
355.355,655.75304,1570.2221,0.3792208
355.694,654.46986,1588.9117,0.3852101
356.034,652.26116,1609.0081,0.3921367
356.374,651.75072,1611.0806,0.3930358
356.713,644.67484,1620.8323,0.4003973
357.053,647.56125,1632.9657,0.4016962
357.393,651.34452,1655.7985,0.4051967
357.732,648.25174,1656.4685,0.4074395
358.072,646.45268,1657.0301,0.4087937
358.412,647.13279,1696.4575,0.4185496
358.751,645.00604,1713.1828,0.4242399
359.091,649.96216,1717.8156,0.4220885
359.431,646.68066,1722.7195,0.4255247
359.771,642.59803,1744.9181,0.4338357
360.11,651.43116,1739.9861,0.4266773
360.45,653.65303,1766.5083,0.4317684
360.79,650.20651,1774.5092,0.436027
361.129,648.44638,1782.204,0.4390833
361.469,645.47753,1795.5047,0.4443054
361.809,643.95655,1812.9088,0.4495194
362.148,646.97049,1827.053,0.4508667
362.488,648.99099,1840.1268,0.4526091
362.828,650.22615,1860.2363,0.4565037
363.167,654.51538,1880.2005,0.4582843
363.507,654.08071,1891.6878,0.4612181
363.847,652.91161,1919.0394,0.4682295
364.186,649.01354,1936.1846,0.474693
364.526,650.37498,1937.6526,0.4741121
364.866,647.82082,1954.9266,0.4796756
365.206,644.90282,1986.2832,0.4885469
365.545,648.84872,1998.0433,0.4884615
365.885,651.99393,2019.5343,0.4910077
366.225,652.81224,2047.4179,0.4964182
366.564,649.54115,2069.5722,0.5032739
366.904,646.40479,2059.7578,0.5033116
367.244,646.45947,2059.9549,0.5033164
367.583,644.92189,2091.3285,0.5109151
367.923,640.77062,2112.3599,0.5180653
368.263,642.53699,2124.7257,0.5194047
368.602,645.08911,2126.26,0.5179966
368.942,635.80398,2166.3128,0.5323979
369.282,641.48476,2167.0553,0.5286836
369.622,650.41282,2192.3783,0.5277264
369.961,647.97609,2204.1815,0.5316884
370.301,650.65106,2220.4255,0.5330881
370.641,645.513,2250.6686,0.5424066
370.98,641.20739,2274.6286,0.549912
371.32,640.42818,2293.7196,0.5540699
371.66,641.88119,2329.3562,0.5597813
371.999,641.63663,2353.8551,0.5644906
372.339,638.0922,2354.075,0.5669369
372.679,634.45491,2367.2194,0.5718377
373.018,633.68872,2393.8614,0.577223
373.358,637.35355,2400.4377,0.57591
373.698,648.31651,2432.1816,0.5742089
374.037,650.27721,2428.0931,0.5721668
374.377,645.04446,2454.4733,0.5803687
374.717,651.82724,2475.7173,0.5795685
375.057,645.92515,2481.6794,0.5845635
375.396,644.63878,2537.2679,0.5950499
375.736,644.9164,2536.8787,0.5947963
376.076,638.44213,2548.8468,0.6012222
376.415,644.40297,2595.6122,0.6050823
376.755,651.19406,2612.8378,0.603402
377.095,650.53314,2626.4733,0.6061036
377.434,646.67203,2661.4576,0.6144355
377.774,641.53428,2665.7094,0.6185929
378.114,643.37781,2661.8095,0.6167109
378.453,639.73685,2685.8209,0.6230757
378.793,635.87646,2736.3698,0.633802
379.133,648.90435,2750.0054,0.6271529
379.472,640.12409,2783.7466,0.6383655
379.812,641.20686,2765.239,0.6347345
380.152,636.75676,2804.1218,0.6438233
380.492,636.70239,2830.6874,0.6479554
380.831,639.08141,2842.4365,0.6481346
381.171,640.95733,2853.1909,0.6485017
381.511,641.65141,2887.3653,0.6532026
381.85,642.40254,2920.5702,0.6576604
382.19,646.48822,2940.8693,0.6579151
382.53,650.79818,2962.3826,0.6581948
382.869,649.49334,2988.5463,0.6628853
383.209,647.49499,3014.5147,0.667981
383.549,648.14546,3025.0544,0.6690607
383.888,644.94121,3068.8683,0.6774581
384.228,638.4626,3058.9257,0.6804335
384.568,650.4119,3106.8677,0.6791343
384.907,649.31363,3099.4939,0.6788363
385.247,638.9116,3156.591,0.6937775
385.587,643.17708,3146.85,0.6895455
385.927,643.99841,3180.3802,0.6935943
386.266,638.91775,3224.6073,0.7030319
386.606,646.85102,3226.3062,0.6979013
386.946,650.65489,3253.1041,0.6989473
387.285,648.16221,3292.8897,0.7058935
387.625,643.8464,3321.1483,0.712506
387.965,639.91586,3348.0491,0.7186689
388.304,648.70626,3342.7328,0.7120536
388.644,645.63037,3369.2183,0.7175452
388.984,640.7908,3398.4433,0.7245638
389.323,645.11531,3449.6497,0.7281377
389.663,653.71554,3440.3541,0.7212143
390.003,653.10541,3466.4381,0.7249002
390.342,638.74444,3504.6351,0.7393157
390.682,647.19066,3536.7933,0.7375774
391.022,648.49636,3539.3566,0.7370168
391.362,648.13562,3586.9649,0.7430612
391.701,652.36567,3582.5928,0.7397063
392.041,659.28417,3595.3651,0.7366703
392.381,665.00342,3623.697,0.736328
392.72,666.46441,3637.9377,0.7370783
393.06,671.84005,3675.528,0.7380538
393.4,684.58447,3715.3509,0.7345728
393.739,694.22945,3711.7891,0.7280803
394.079,713.94109,3735.852,0.7187273
394.419,726.78611,3739.0442,0.711354
394.758,737.86762,3801.9869,0.7120322
395.098,749.51399,3812.1119,0.7063859
395.438,771.05394,3820.2845,0.6950109
395.778,808.56459,3871.358,0.6801486
396.117,830.08233,3870.2153,0.668614
396.457,868.84464,3885.9621,0.6505564
396.797,904.19641,3909.6452,0.6358746
397.136,938.59852,3949.3515,0.6240459
397.476,978.94696,4000.7244,0.6113795
397.816,1021.8068,3994.9937,0.5921473
398.155,1073.8494,3999.3304,0.5710439
398.495,1126.673,4046.3641,0.5552671
398.835,1174.5526,4078.1578,0.5405915
399.174,1242.4857,4135.2155,0.5222067
399.514,1309.2822,4145.0023,0.5004915
399.854,1366.5077,4163.5549,0.4838522
400.193,1437.3532,4192.6846,0.4649287
400.533,1507.5812,4242.6317,0.4493546
400.873,1580.2984,4229.334,0.4275329
401.213,1665.6458,4279.7928,0.4098401
401.552,1730.4377,4319.227,0.39725
401.892,1808.4041,4369.2932,0.3831157
402.232,1899.6105,4384.9188,0.363297
402.571,1984.9071,4406.1794,0.346322
402.911,2060.9187,4436.3906,0.3329689
403.251,2151.603,4489.644,0.3194498
403.59,2247.084,4539.4429,0.3053832
403.93,2311.2238,4540.6905,0.2932799
404.27,2381.7525,4552.076,0.2813129
404.609,2486.6531,4614.1454,0.2684761
404.949,2549.8972,4624.2232,0.2585161
405.289,2635.3299,4648.3547,0.2464643
405.628,2736.1823,4727.7143,0.2375062
405.968,2829.4316,4770.887,0.2268999
406.308,2913.8966,4822.8057,0.2188256
406.648,2995.5222,4857.0963,0.2099042
406.987,3042.4899,4844.7827,0.2020451
407.327,3141.1209,4884.4645,0.1917323
407.667,3211.2375,4914.2941,0.1847887
408.006,3313.2739,4950.7068,0.1744099
408.346,3399.8076,4998.5506,0.1673898
408.686,3486.0256,5081.1736,0.1636335
409.025,3556.8597,5107.0947,0.1571072
409.365,3624.346,5113.1269,0.1494569
409.705,3711.7415,5171.4394,0.1440337
410.044,3775.8639,5214.3506,0.1401839
410.384,3831.7586,5244.281,0.1362878
410.724,3938.8741,5324.3834,0.1308972
411.063,3954.7303,5293.6422,0.1266377
411.403,4009.5071,5312.1049,0.1221757
411.743,4142.3432,5433.266,0.1178149
412.083,4182.04,5397.5558,0.110809
412.422,4239.0211,5475.4206,0.1111519
412.762,4304.4915,5475.6092,0.1045106
413.102,4349.1235,5557.7902,0.1065004
413.441,4407.1311,5556.108,0.1006147
413.781,4525.7153,5683.1502,0.0989019
414.121,4561.537,5709.5948,0.09749409
414.46,4634.0144,5712.119,0.09083987
414.8,4706.6837,5757.4819,0.08751756
415.14,4747.877,5791.8623,0.08631877
415.479,4803.1986,5828.8628,0.08405329
415.819,4881.1833,5879.496,0.08081498
416.159,4935.8144,5911.2309,0.0783191
416.498,4960.6176,5946.7796,0.07874609
416.838,5021.5993,5989.0009,0.07651233
417.178,5100.5188,6044.7616,0.07376483
417.518,5199.4224,6140.2008,0.07222747
417.857,5239.4392,6159.0167,0.07022658
418.197,5285.4163,6186.6206,0.06837429
418.537,5359.7011,6214.6075,0.06427314
418.876,5358.2663,6256.6779,0.0673195
419.216,5416.4745,6300.6158,0.06566629
419.556,5519.2361,6394.9861,0.06396063
419.895,5553.294,6420.4695,0.06301612
420.235,5602.8654,6470.3511,0.06251766
420.575,5618.051,6486.7851,0.06244383
420.914,5680.1757,6509.471,0.05918393
421.254,5742.4416,6552.6735,0.05732194
421.594,5770.0234,6569.5539,0.05635831
421.934,5818.5596,6617.9136,0.0559056
422.273,5902.8869,6738.7376,0.05751408
422.613,5962.1691,6804.0657,0.05736421
422.953,5967.2777,6791.3718,0.05618126
423.292,6040.7002,6847.4128,0.05443923
423.632,6078.4445,6857.328,0.05236247
423.972,6128.7608,6906.1504,0.05186336
424.311,6160.3375,6957.6969,0.052861
424.651,6298.3487,7110.9862,0.05270313
424.991,6287.9445,7109.4449,0.05332699
425.33,6315.9344,7146.7463,0.05367076
425.67,6418.6162,7208.3937,0.05039709
426.01,6401.775,7174.6588,0.04950084
426.349,6442.7105,7232.9937,0.05024948
426.689,6549.7343,7330.3944,0.04890366
427.029,6624.8498,7364.7984,0.04598483
427.369,6609.1833,7350.392,0.0461627
427.708,6609.4073,7373.6543,0.04752025
428.048,6682.6826,7451.9663,0.04732005
428.388,6760.5274,7531.7209,0.04691364
428.727,6781.1355,7573.1167,0.04797223
429.067,6776.2433,7583.1822,0.0488625
429.407,6823.7333,7605.7218,0.0471184
429.746,6887.9508,7666.9882,0.04653476
430.086,6944.9945,7719.8905,0.04593923
430.426,6881.9908,7659.6992,0.04649763
430.765,6890.8128,7658.1608,0.04585403
431.105,6990.0538,7784.5002,0.04675022
431.445,7085.7611,7874.5385,0.04583861
431.784,7072.2783,7818.8854,0.04358551
432.124,7180.0238,7926.6815,0.04296553
432.464,7170.4466,7929.6169,0.043706
432.804,7215.6754,7951.5027,0.04217223
433.143,7278.186,8027.4025,0.04255189
433.483,7358.927,8167.3936,0.04526899
433.823,7335.0193,8144.3251,0.04545384
434.162,7405.5797,8196.9376,0.04409257
434.502,7463.4884,8255.6622,0.04381005
434.842,7483.6963,8264.4299,0.04309675
435.181,7533.4216,8317.0883,0.04297904
435.521,7527.8035,8339.9854,0.04449702
435.861,7563.4669,8361.8031,0.04357903
436.2,7634.7267,8398.5373,0.04141016
436.54,7681.0446,8455.4962,0.04171881
436.88,7747.4215,8549.87,0.04280232
437.219,7801.5799,8597.4102,0.04218509
437.559,7945.724,8758.5603,0.04229925
437.899,7940.5983,8741.639,0.04173964
438.239,8025.2095,8857.4679,0.04285321
438.578,8064.6282,8899.4345,0.04277806
438.918,8180.8158,8983.542,0.04065099
439.258,8130.0089,8955.8297,0.04201481
439.597,8175.0714,9001.1692,0.04180737
439.937,8306.7566,9144.4276,0.04172504
440.277,8432.7207,9285.4957,0.04183738
440.616,8456.7305,9298.2003,0.04119641
440.956,8481.8075,9344.3086,0.04205876
441.296,8561.0223,9427.569,0.04187409
441.635,8647.9057,9497.7243,0.04070861
441.975,8731.2276,9572.4877,0.03994951
442.315,8749.8473,9581.9086,0.03945155
442.654,8720.0552,9570.7672,0.04042752
442.994,8821.9525,9702.3804,0.04131358
443.334,8964.8251,9827.8629,0.03991727
443.674,9019.4829,9865.5268,0.03893864
444.013,9084.1934,9949.6864,0.03952302
444.353,9095.0627,9951.5783,0.03908627
444.693,9222.9583,10108.138,0.03980091
445.032,9236.5618,10137.874,0.04043653
445.372,9319.6576,10167.795,0.03782682
445.712,9319.3752,10199.344,0.03918545
446.051,9440.1364,10341.729,0.03961488
446.391,9442.2225,10345.874,0.03969297
446.731,9531.992,10436.233,0.0393601
447.07,9637.0565,10524.983,0.03827698
447.41,9658.8513,10528.419,0.03743767
447.75,9728.0364,10677.241,0.04043386
448.09,9878.527,10815.799,0.03936643
448.429,9922.5476,10843.668,0.03855303
448.769,9935.5599,10855.788,0.03846901
449.109,9993.5791,10896.985,0.03758529
449.448,10010.3,10942.176,0.03865662
449.788,10090.755,11073.761,0.04037147
450.128,10211.888,11205.658,0.04033131
450.467,10152.146,11124.524,0.03972358
450.807,10204.661,11180.321,0.03965568
451.147,10337.149,11355.429,0.04080278
451.486,10369.434,11401.381,0.04120242
451.826,10347.597,11319.979,0.03900609
452.166,10495.09,11513.693,0.04022849
452.505,10607.514,11603.595,0.03897897
452.845,10612.301,11548.654,0.03672179
453.185,10513.882,11484.19,0.03833726
453.525,10564.564,11560.191,0.03911344
453.864,10676.532,11679.386,0.03898983
454.204,10637.006,11634.331,0.03892202
454.544,10758.426,11730.695,0.03757501
454.883,10710.698,11658.288,0.03681699
455.223,10732.088,11692.31,0.03721611
455.563,10872.844,11836.577,0.03688299
455.902,10883.575,11899.109,0.03874287
456.242,10858.148,11901.375,0.03984136
456.582,10936.751,11970.193,0.03921284
456.921,10948.348,11962.121,0.03845962
457.261,10942.397,11934.684,0.03769845
457.601,11033.311,12028.38,0.03750128
457.94,11097.631,12110.523,0.03793263
458.28,11185.199,12206.957,0.03796369
458.62,11212.672,12223.232,0.03747693
458.96,11238.742,12284.359,0.03863479
459.299,11267.955,12283.66,0.03748267
459.639,11097.491,12113.276,0.03803681
459.979,11201.987,12222.559,0.03786709
460.318,11091.608,12084.594,0.03723757
460.658,11374.165,12444.795,0.03906823
460.998,11470.446,12532.655,0.03846276
461.337,11488.011,12508.439,0.03695828
461.677,11509.958,12529.734,0.03686813
462.017,11557.956,12604.787,0.03765446
462.356,11606.144,12666.424,0.03796609
462.696,11731.301,12755.594,0.03635448
463.036,11855.532,12850.136,0.03498669
463.375,11746.289,12763.381,0.03606502
463.715,11951.925,13005.065,0.03667464
464.055,12110.154,13180.426,0.03677978
464.395,12110.764,13199.482,0.03738534
464.734,12112.796,13178.39,0.03661796
465.074,12292.024,13350.221,0.03586504
465.414,12438.9,13536.571,0.03672668
465.753,12445.183,13512.952,0.03574894
466.093,12497.84,13526.876,0.03436257
466.433,12466.193,13547.494,0.03612512
466.772,12555.677,13637.539,0.03589586
467.112,12812.063,13908.156,0.03565049
467.452,13002.357,14147.144,0.03664667
467.791,13116.647,14265.504,0.03646427
468.131,13239.031,14376.301,0.03579094
468.471,13340.519,14485.537,0.03576188
468.81,13514.949,14695.002,0.03635525
469.15,13321.022,14437.69,0.03496016
469.49,13742.643,15002.04,0.03808004
469.83,13858.377,15062.819,0.03619388
470.169,14103.984,15352.255,0.03683036
470.509,13981.578,15169.481,0.03541451
470.849,14163.902,15412.235,0.03668271
471.188,14297.58,15539.358,0.03617053
471.528,14370.35,15649.91,0.0370445
471.868,14470.836,15727.259,0.0361594
472.207,14779.751,16057.756,0.03601773
472.547,14906.034,16209.399,0.0364048
472.887,15133.636,16406.03,0.03506022
473.226,15449.122,16722.771,0.03440445
473.566,15608.687,16924.369,0.03514612
473.906,15681.65,17016.09,0.035468
474.246,15767.854,17098.693,0.03519035
474.585,15892.528,17245.871,0.03549214
474.925,16076.725,17455.744,0.03574078
475.265,16302.34,17679.792,0.0352272
475.604,16535.22,17952.083,0.03570487
475.944,16691.884,18132.033,0.03594114
476.284,16892.849,18307.946,0.03493671
476.623,17308.987,18808.242,0.03607655
476.963,17602.723,19044.204,0.03418296
477.303,17714.041,19197.8,0.03493382
477.642,17882.713,19399.436,0.03535569
477.982,18191.954,19702.802,0.03464864
478.322,18556.544,20123.879,0.0352146
478.661,18744.723,20323.267,0.03511449
479.001,19040.317,20577.859,0.03372601
479.341,19361.497,20959.664,0.03444539
479.681,19359.698,20947.051,0.03422431
480.02,19611.942,21265.641,0.03515789
480.36,19895.06,21551.251,0.03472722
480.7,20173.455,21857.421,0.03481864
481.039,20438.915,22114.778,0.03422475
481.379,20677.64,22465.749,0.03601992
481.719,20870.213,22635.499,0.03526318
482.058,21141.163,22952.529,0.03570168
482.398,21303.759,23132.989,0.03577551
482.738,21558.205,23386.478,0.03535224
483.077,22033.023,23902.12,0.03536233
483.417,22434.084,24372.483,0.03599143
483.757,22617.088,24556.885,0.03573659
484.096,22870.678,24846.434,0.03598503
484.436,23192.492,25241.644,0.03677023
484.776,23445.705,25444.794,0.03553564
485.116,23761.427,25760.848,0.03508762
485.455,23928.252,25987.345,0.03585094
485.795,23997.059,26054.94,0.03573204
486.135,24274.145,26403.726,0.03652128
486.474,24651.916,26775.744,0.03589087
486.814,25044.545,27199.652,0.03585019
487.154,25330.935,27447.716,0.03485499
487.493,25245.798,27430.725,0.03604819
487.833,25917.214,28133.766,0.03563957
488.173,25984.864,28255.35,0.03638024
488.512,26174.462,28419.797,0.0357432
488.852,26127.796,28388.334,0.03603713
489.192,26758.154,29079.476,0.03613044
489.531,26772.225,29084.766,0.03598112
489.871,27038.631,29344.342,0.03553968
490.211,27315.828,29630.555,0.03532542
490.551,27643.396,30048.732,0.03623474
490.89,27774.72,30186.078,0.036157
491.23,27954.974,30360.206,0.03584563
491.57,28233.267,30609.954,0.03510155
491.909,28550.991,30968.649,0.03530108
492.249,28528.916,30932.439,0.03512889
492.589,28710.176,31147.961,0.03539376
492.928,29032.937,31513.505,0.03560575
493.268,29228.907,31697.406,0.03521115
493.608,29384.551,31882.065,0.03542738
493.947,29448.412,31949.902,0.03540766
494.287,29699.037,32231.841,0.03554274
494.627,29883.403,32448.241,0.03576109
494.966,29944.965,32462.485,0.03505796
495.306,30207.822,32731.468,0.03484608
495.646,30454.929,33042.776,0.03541892
495.986,30583.843,33158.077,0.03509728
496.325,30704.3,33252.263,0.034622
496.665,31031.41,33636.498,0.03500926
497.005,31324.923,33931.185,0.03470901
497.344,31402.345,33964.306,0.03406066
497.684,31656.862,34339.743,0.03532918
498.024,31690.385,34434.598,0.0360675
498.363,32029.746,34741.107,0.03529016
498.703,32077.715,34772.33,0.03503037
499.043,31963.031,34694.983,0.03561873
499.382,32421.041,35147.298,0.035065
499.722,32521.495,35214.88,0.0345557
500.062,32426.695,35085.968,0.03423078
500.402,32880.603,35611.927,0.0346557
500.741,33069.702,35872.389,0.03533002
501.081,33309.719,36088.688,0.03480012
501.421,33529.908,36384.239,0.03548094
501.76,33620.504,36421.328,0.03475155
502.1,33699.751,36481.079,0.03444098
502.44,34165.933,37000.875,0.03461871
502.779,34234.707,37083.932,0.03471916
503.119,34518.913,37390.299,0.03470183
503.459,34480.284,37356.598,0.03479648
503.798,34478.204,37373.624,0.03502058
504.138,34781.411,37725.86,0.03529196
504.478,35088.03,38040.762,0.03509023
504.817,35185.027,38062.918,0.03414419
505.157,35515.14,38404.209,0.0339653
505.497,35704.457,38615.665,0.03404109
505.837,35764.415,38655.805,0.03376359
506.176,36086.461,39012.906,0.03386401
506.516,36116.642,39114.216,0.03462727
506.856,36246.458,39338.844,0.03555602
507.195,36554.23,39642.475,0.03522311
507.535,36662.93,39694.135,0.03449917
507.875,36973.385,40053.958,0.03475622
508.214,37279.172,40410.571,0.03502873
508.554,37374.747,40511.584,0.03500096
508.894,37559.432,40678.747,0.03464855
509.233,37729.02,40825.607,0.03425712
509.573,38008.714,41147.413,0.03445935
509.913,38160.18,41300.966,0.0343498
510.252,38150.143,41286.731,0.03431433
510.592,38636.016,41824.751,0.03444102
510.932,38726.296,41952.318,0.03475
511.272,38962.438,42147.497,0.03412566
511.611,39152.376,42394.321,0.03454957
511.951,39392.179,42641.44,0.03442185
512.291,39427.796,42661.769,0.03423635
512.63,39900.095,43160.736,0.03411492
512.97,39774.769,43123.731,0.03510866
513.31,40049.726,43287.749,0.03376546
513.649,40256.505,43636.559,0.03501443
513.989,40596.947,43895.165,0.03392331
514.329,40607.674,44010.035,0.0349436
514.668,40813.739,44241.937,0.03502775
515.008,40816.242,44174.604,0.03433965
515.348,41098.786,44490.126,0.03443464
515.687,41274.592,44677.922,0.03441018
516.027,41553.263,45018.34,0.03478434
516.367,41659.723,45116.624,0.03462021
516.707,41835.899,45252.4,0.0340925
517.046,41962.296,45430.758,0.03449074
517.386,42035.103,45510.318,0.03449776
517.726,42238.26,45739.948,0.03458965
518.065,42449.559,45945.017,0.03436524
518.405,42508.077,46037.164,0.0346371
518.745,42589.818,46201.595,0.03535118
519.084,42723.566,46286.226,0.03478428
519.424,42935.428,46419.966,0.03388902
519.764,43163.912,46658.117,0.03380641
520.103,43249.477,46835.429,0.03459363
520.443,43263.408,46833.196,0.03443307
520.783,43429.199,47016.881,0.03447199
521.122,43562.73,47139.095,0.03426615
521.462,43769.355,47355.889,0.03420385
521.802,43781.024,47397.553,0.03447
522.142,43881.034,47558.252,0.03494903
522.481,43976.666,47663.285,0.03496166
522.821,44124.368,47751.313,0.03430682
523.161,44392.28,48070.953,0.03457528
523.5,44434.677,48154.18,0.03491197
523.84,44410.707,48122.35,0.03485914
524.18,44465.092,48211.539,0.0351318
524.519,44661.7,48363.579,0.03458318
524.859,44704.585,48388.699,0.03439189
525.199,44634.459,48399.055,0.03516661
525.538,44836.312,48631.731,0.03528985
525.878,44885.502,48649.217,0.03496976
526.218,44674.276,48484.231,0.03554299
526.558,45106.805,48884.374,0.034928
526.897,45091.314,48874.685,0.03499108
527.237,45023.819,48850.609,0.03542765
527.577,45169.562,48950.225,0.03490881
527.916,45189.191,48974.942,0.03493937
528.256,45410.796,49229.086,0.03506266
528.596,45520,49301.285,0.03465598
528.935,45363.581,49208.972,0.03533696
529.275,45630.66,49440.906,0.03482967
529.615,45651.357,49438.158,0.03460859
529.954,45683.196,49574.458,0.0355015
530.294,45756.009,49668.721,0.03563485
530.634,45944.456,49797.789,0.03497694
530.973,45863.521,49750.345,0.03532871
531.313,45833.334,49711.18,0.03527262
531.653,46222.576,50051.563,0.0345635
531.993,46092.446,49902.118,0.03448923
532.332,46206.01,50093.223,0.03508051
532.672,46222.262,50055.346,0.03459927
533.012,46401.987,50262.64,0.03470872
533.351,46382.903,50398.083,0.03605609
533.691,46359.588,50219.883,0.03473612
534.031,46364.662,50271.276,0.0351328
534.37,46459.856,50401.444,0.03536513
534.71,46511.132,50402.649,0.03489646
535.05,46605.864,50593.54,0.03565451
535.389,46657.189,50609.672,0.03531496
535.729,46588.746,50540.46,0.03535817
536.069,46508.915,50463.453,0.03544075
536.408,46762.724,50728.642,0.03535343
536.748,47058.288,51019.693,0.03510171
537.088,46798.723,50808.578,0.03570303
537.428,46963.525,50929.124,0.03520551
537.767,47124.137,51124.563,0.0353862
538.107,47256.768,51239.349,0.03513959
538.447,47191.399,51177.04,0.03521231
538.786,47142.889,51170.274,0.03560155
539.126,47283.545,51312.336,0.03551176
539.466,47445.049,51398.253,0.03475745
539.805,47359.407,51428.471,0.03579736
540.145,47689.891,51734.272,0.03535201
540.485,47583.802,51563.069,0.03487962
540.824,47613.481,51655.385,0.03538567
541.164,47622.883,51730.091,0.03592756
541.504,47640.841,51693.579,0.03545719
541.843,47730.796,51827.324,0.03576011
542.183,47734.125,51837.531,0.03581534
542.523,48016.8,52117.948,0.0355941
542.863,48088.088,52180.618,0.03547171
543.202,48038.383,52130.247,0.0355014
543.542,48148.666,52250.039,0.03550236
543.882,48178.43,52251.726,0.035248
544.221,48312.373,52432.58,0.03554286
544.561,48390.282,52556.824,0.03587096
544.901,48367.8,52484.018,0.03547074
545.24,48436.554,52528.232,0.03521955
545.58,48558.522,52679.451,0.03537578
545.92,48632.06,52793.304,0.03565617
546.259,48671.308,52806.895,0.03541761
546.599,48727.658,52875.458,0.03547861
546.939,48651.97,52844.287,0.03589761
547.278,48630.761,52743.988,0.03526189
547.618,48765.355,52867.83,0.0350801
547.958,48890.195,53088.196,0.03577619
548.298,49049.407,53232.584,0.03554378
548.637,49038.233,53206.564,0.0354304
548.977,49039.861,53225.822,0.03557314
549.317,49152.175,53279.865,0.03502038
549.656,49189.001,53354.326,0.03530163
549.996,49326.302,53511.256,0.03536659
550.336,49323.847,53525.787,0.03550612
550.675,49380.6,53587.043,0.03550343
551.015,49489.701,53711.399,0.03555164
551.355,49618.659,53891.263,0.03587334
551.694,49501.18,53690.368,0.03528083
552.034,49449.61,53592.728,0.03494299
552.374,49528.083,53719.181,0.03527787
552.714,49732.19,53908.737,0.03502158
553.053,49607.059,53776.993,0.03505304
553.393,49800.569,53971.457,0.03492984
553.733,49813.168,54078.826,0.03568309
554.072,49699.769,53940.005,0.03555662
554.412,49866.956,54097.253,0.03536236
554.752,50144.09,54407.063,0.03543554
555.091,49992.53,54223.585,0.03528311
555.431,49884.599,54156.776,0.03568632
555.771,49767.721,54080.541,0.03609328
556.11,50063.497,54346.893,0.03565353
556.45,50162.278,54389.732,0.03513966
556.79,50032.298,54247.076,0.03512588
557.129,50224.108,54419.867,0.03484524
557.469,50060.21,54353.368,0.0357338
557.809,50102.999,54321.923,0.03511142
558.149,50223.262,54489.369,0.03540687
558.488,50294.222,54570.339,0.03543856
558.828,50194.068,54488.484,0.03565233
559.168,50285.611,54446.065,0.03452276
559.507,50337.126,54541.743,0.0348406
559.847,50499.028,54739.937,0.03502128
560.187,50340.451,54589.903,0.03519522
560.526,50405.591,54591.742,0.03464824
560.866,50294.721,54546.492,0.03524443
561.206,50361.335,54617.757,0.03523662
561.545,50635.253,54853.99,0.03475524
561.885,50470.219,54731.055,0.03519863
562.225,50502.849,54771.721,0.03524051
562.564,50469.185,54636.635,0.03445765
562.904,50707.389,54930.131,0.03473939
563.244,50470.055,54726.052,0.03516034
563.584,50499.458,54748.443,0.03508505
563.923,50502.493,54764.468,0.03518605
564.263,50447.551,54729.279,0.03537964
564.603,50329.183,54691.88,0.03610297
564.942,50363.063,54635.03,0.03535905
565.282,50371.155,54584.747,0.0348894
565.622,50601.281,54831.808,0.03487106
565.961,50184.864,54425.485,0.03522956
566.301,50348.099,54581.98,0.03506621
566.641,50172.387,54462.62,0.03563377
566.98,50420.42,54749.231,0.03577157
567.32,50319.914,54646.383,0.03582153
567.66,50391.685,54714.791,0.03574586
567.999,50420.321,54663.193,0.03508939
568.339,50073.376,54373.102,0.03577724
568.679,50328.82,54525.927,0.0347863
569.019,50150.851,54341.767,0.03485545
569.358,50295.761,54536.512,0.03515597
569.698,50374.958,54701.968,0.03578826
570.038,50115.589,54476.801,0.03623876
570.377,49985.953,54300.338,0.03595456
570.717,49778.167,54004.936,0.03539455
571.057,50039.237,54206.57,0.03474124
571.396,50133.382,54402.67,0.03549321
571.736,50077.071,54430.545,0.03620376
572.076,49604.531,53848.204,0.03564987
572.415,49951.136,54344.535,0.03661051
572.755,50062.719,54308.075,0.03534997
573.095,50146.777,54408.423,0.03542312
573.434,49787.216,54052.556,0.03569839
573.774,49682.616,53999.797,0.03618767
574.114,49650.906,53857.775,0.03532123
574.454,49574.052,53847.693,0.03591268
574.793,49598.85,53846.129,0.03568288
575.133,49742.179,54038.056,0.03597491
575.473,49602.782,53881.461,0.03593332
575.812,49259.783,53492.909,0.03580371
576.152,49482.587,53798.627,0.03631879
576.492,49048.829,53349.073,0.03649824
576.831,49158.493,53507.894,0.0368193
577.171,49468.466,53808.653,0.03652368
577.511,49397.868,53708.436,0.0363343
577.85,49616.201,53858.738,0.03563267
578.19,49466.191,53802.998,0.03649801
578.53,49471.628,53831.915,0.03668362
578.87,49172.367,53547.199,0.03701565
579.209,49065.568,53343.432,0.03630412
579.549,49031.529,53290.164,0.03617163
579.889,49464.015,53808.605,0.03656237
580.228,49086.043,53392.729,0.0365241
580.568,48789.032,53066.297,0.03649658
580.908,48984.705,53301.062,0.03667536
581.247,49398.686,53814.56,0.0371844
581.587,49368.139,53771.825,0.03710802
581.927,48872.358,53165.215,0.03656429
582.266,49135.825,53461.266,0.03664099
582.606,48999.353,53372.523,0.03712739
582.946,49359.504,53694.654,0.03656027
583.285,49091.363,53465.265,0.03706664
583.625,48789.414,53064.014,0.0364745
583.965,49119.909,53462.402,0.03679091
584.305,49188.019,53509.358,0.03657041
584.644,48922.672,53247.098,0.03678577
584.984,48969.143,53291.042,0.03673172
585.324,48933.697,53274.203,0.03690894
585.663,49087.132,53429.4,0.03681264
586.003,48839.26,53191.109,0.03706997
586.343,49019.75,53325.383,0.03656289
586.682,49000.459,53338.864,0.03684361
587.022,48897.198,53275.693,0.03724513
587.362,48606.175,52952.304,0.03719342
587.701,48840.704,53217.819,0.03727516
588.041,48932.183,53347.822,0.0375221
588.381,48995.683,53352.636,0.03699806
588.72,49047.74,53404.086,0.03695549
589.06,49204.31,53559.336,0.03683203
589.4,48928.011,53273.583,0.03695435
589.74,48564.274,52924.413,0.03733915
590.079,48705.531,53044.756,0.03706417
590.419,48846.933,53219.78,0.03723577
590.759,49164.069,53480.536,0.03654793
591.098,48956.786,53304.137,0.03694802
591.438,48815.661,53224.418,0.03755175
591.778,48716.532,53077.014,0.03723012
592.117,49039.341,53350.616,0.03659482
592.457,49006.126,53361.949,0.03698132
592.797,48838.426,53172.314,0.0369239
593.136,48879.243,53185.977,0.03667267
593.476,48885.854,53204.042,0.03676142
593.816,49162.928,53500.617,0.03672104
594.155,48929.515,53258.013,0.03681405
594.495,48703.261,53022.051,0.03689848
594.835,48669.299,52990.543,0.03694328
595.175,48626.286,52857.728,0.03623738
595.514,48804.777,53020.187,0.03597892
595.854,49016.931,53287.614,0.03628016
596.194,49151.193,53441.629,0.03634563
596.533,49120.43,53346.654,0.03584503
596.873,48878.023,53050.522,0.03557603
597.213,48821.568,53006.7,0.03571905
597.552,48913.961,53030.638,0.03509402
597.892,48841.823,52999.322,0.03547845
598.232,48966.84,53168.015,0.03574836
598.571,49001.809,53174.541,0.03549163
598.911,48809.343,53061.561,0.03627706
599.251,48968.578,53222.607,0.03617866
599.59,48958.066,53118.294,0.03541986
599.93,48908.823,53030.562,0.03513901
600.27,49031.13,53173.456,0.03522299
600.61,48924.274,53057.819,0.035225
600.949,48999.172,53069.98,0.03466018
601.289,48807.178,52912.787,0.03507694
601.629,48742.47,52880.228,0.03538579
601.968,48694.713,52826.586,0.03537074
602.308,48809.085,52934.914,0.03524155
602.648,48716.496,52833.802,0.03523582
602.987,48511.306,52599.257,0.03513665
603.327,48559.801,52570.312,0.03446366
603.667,48534.803,52608.475,0.03500245
604.006,48409.617,52487.468,0.03512398
604.346,48635.145,52715.021,0.03498416
604.686,48631.576,52643.74,0.03442839
605.026,48550.216,52575.788,0.03459462
605.365,48401.922,52346.421,0.03402438
605.705,48480.877,52498.125,0.03457332
606.045,48390.725,52372.201,0.0343387
606.384,48279.789,52282.353,0.03458975
606.724,48074.668,52022.489,0.03427484
607.064,48044.44,51995.002,0.03431846
607.403,48253.693,52204.636,0.03417852
607.743,48157.137,52059.559,0.03383982
608.083,48057.135,51990.795,0.03416859
608.422,47860.098,51772.173,0.03412281
608.762,48050.463,52053.074,0.0347488
609.102,47973.605,51949.324,0.03457755
609.441,47908.266,51847.418,0.03431668
609.781,47873.929,51811.586,0.03432782
610.121,47633.509,51507.721,0.03395976
610.461,47523.073,51382.658,0.03391205
610.8,47627.688,51520.956,0.03412441
611.14,47458.276,51313.4,0.03391884
611.48,47198.732,51079.101,0.03431291
611.819,47231.336,50994.956,0.033297
612.159,47272.712,51114.486,0.03393348
612.499,47208.921,51083.908,0.03426004
612.838,47126.622,50922.881,0.03364666
613.178,46938.356,50730.243,0.03373907
613.518,46927.027,50713.104,0.03369716
613.857,46938.852,50671.279,0.0332294
614.197,46831.586,50623.679,0.03381484
614.537,46665.085,50417.974,0.03359333
614.876,46612.079,50350.124,0.03350207
615.216,46498.791,50235.682,0.03357065
615.556,46453.082,50155.841,0.03330698
615.896,46331.994,50097.336,0.03393365
616.235,46242.457,49952.284,0.03351445
616.575,46105.459,49765.637,0.03317722
616.915,46047.637,49729.305,0.03340504
617.254,45987.04,49671.76,0.03347409
617.594,45747.011,49444.726,0.03375725
617.934,45795.335,49438.27,0.03324202
618.273,45712.737,49298.311,0.03279482
618.613,45580.708,49188.059,0.03307862
618.953,45510.201,49131.08,0.03324756
619.292,45360.576,48987.645,0.033408
619.632,45361.685,49035.878,0.03382478
619.972,45317.242,48957.342,0.03355436
620.311,45094.093,48683.14,0.03325892
620.651,44987.54,48517.005,0.03280174
620.991,44779.933,48306.047,0.03291806
621.331,44620.891,48133.793,0.03291185
621.67,44516.02,48053.481,0.03320852
622.01,44447.121,47924.239,0.03271159
622.35,44258.466,47740.35,0.03288924
622.689,44250.209,47688.96,0.03250252
623.029,44346.917,47806.366,0.0326223
623.369,44018.424,47442.693,0.03253485
623.708,43965.905,47534.193,0.03389011
624.048,44017.132,47537.058,0.03341055
624.388,43966.804,47456.002,0.03316625
624.727,43716.532,47114.553,0.03250937
625.067,43892.554,47382.494,0.03322706
625.407,43780.36,47289.579,0.03348613
625.746,43671.357,47089.395,0.03272642
626.086,43793.463,47406.554,0.0344291
626.426,43738.577,47197.847,0.03305754
626.766,43852.011,47361.503,0.03343596
627.105,43790.416,47283.295,0.03332867
627.445,43801.421,47273.393,0.03312858
627.785,43824.412,47354.519,0.03364533
628.124,43880.57,47399.139,0.03349819
628.464,44019.162,47531.881,0.03334324
628.804,44106.409,47626.27,0.03334488
629.143,44077.73,47652.741,0.03386866
629.483,43832.846,47402.854,0.03400482
629.823,44085.798,47603.114,0.03333665
630.162,44347.395,47917.712,0.03362795
630.502,44174.321,47708.607,0.03342685
630.842,44189.078,47697.323,0.03317907
631.182,44434.598,47886.464,0.03249152
631.521,44462.627,47978.229,0.0330491
631.861,44450.293,48029.323,0.03363184
632.201,44473.342,48073.647,0.0338073
632.54,44571.62,48180.081,0.03380911
632.88,44633.38,48150.965,0.03294522
633.22,44737.796,48279.401,0.03308729
633.559,44797.283,48394.94,0.03354828
633.899,44770.595,48336.831,0.03328531
634.239,44897.006,48417.361,0.03278373
634.578,44841.962,48350.878,0.03271976
634.918,44788.273,48354.349,0.03327122
635.258,44894.189,48468.697,0.03327121
635.597,44937.247,48504.546,0.03317599
635.937,44934.631,48489.99,0.03307091
636.277,45061.084,48734.624,0.03403598
636.617,45002.718,48597.41,0.03337438
636.956,44928.605,48553.34,0.03369618
637.296,45052.602,48625.19,0.03314143
637.636,45234.264,48766.696,0.03265581
637.975,44951.387,48453.123,0.03257868
638.315,44905.41,48405.638,0.03259728
638.655,44777.273,48269.431,0.03261454
638.994,45239.041,48756.336,0.03251767
639.334,44953.223,48451.158,0.03254333
639.674,44742.165,48206.277,0.03238659
640.013,45039.243,48455.629,0.03175315
640.353,44782.821,48250.517,0.03239052
640.693,44752.773,48150.159,0.03177777
641.032,44868.996,48302.874,0.03202662
641.372,44664.16,48185.083,0.03295343
641.712,44747.713,48173.387,0.03203634
642.052,44746.749,48202.732,0.03231016
642.391,44479.644,47952.93,0.03265385
642.731,44310.274,47757.714,0.0325391
643.071,44300.703,47740.017,0.03247195
643.41,44316.736,47764.945,0.03254152
643.75,44315.357,47711.213,0.0320662
644.09,44251.124,47623.411,0.03189619
644.429,44197.553,47546.212,0.0317177
644.769,44192.384,47503.305,0.0313764
645.109,44218.844,47549.86,0.03154186
645.448,44006.642,47350.017,0.03180191
645.788,43890.307,47174.523,0.03133889
646.128,43957.542,47238.552,0.03126318
646.467,43727.087,46969.745,0.03106766
646.807,43641.887,46916.738,0.03142428
647.147,43722.44,46978.74,0.03119697
647.487,43657.379,46883.13,0.03095894
647.826,43493.535,46708.446,0.0309707
648.166,43432.888,46514.888,0.02977327
648.506,43419.74,46600.73,0.03070551
648.845,43268.507,46441.393,0.03073333
649.185,43120.597,46239.105,0.03032466
649.525,43192.935,46318.507,0.03034183
649.864,43052.143,46092.286,0.02963347
650.204,43026.903,46032.321,0.02932279
650.544,42979.536,45975.377,0.02926358
650.883,42660.67,45661.202,0.02951967
651.223,42673.116,45664.088,0.02942043
651.563,42624.039,45561.311,0.02894161
651.902,42509.14,45388.837,0.02846673
652.242,42504.044,45436.83,0.02897777
652.582,42456.653,45378.924,0.02890844
652.922,42381.791,45326.757,0.02917535
653.261,42346.095,45228.53,0.02859911
653.601,42325.142,45212.648,0.02866152
653.941,42075.055,44930.782,0.02851928
654.28,42081.842,44900.18,0.02815334
654.62,41955.044,44775.992,0.02826103
654.96,41813.593,44568.297,0.02770854
655.299,41720.575,44446.582,0.02748808
655.639,41701.521,44509.54,0.02830121
655.979,41537.912,44279.06,0.02775374
656.318,41445.673,44159.277,0.02754276
656.658,41415.739,44083.535,0.027111
656.998,41361.386,44053.572,0.02738604
657.338,41292.278,44012.641,0.02770858
657.677,41066.949,43702.678,0.02701561
658.017,40747.72,43441.672,0.02780322
658.357,40918.709,43493.21,0.02649955
658.696,40733.81,43423.701,0.02777181
659.036,40946.769,43517.067,0.02643997
659.376,40542.147,43183.891,0.02741502
659.715,40349.689,42957.87,0.02720255
660.055,40391.751,42968.168,0.02685416
660.395,40237.94,42727.647,0.02607324
660.734,40208.257,42722.771,0.02634417
661.074,40082.251,42577.482,0.02622787
661.414,40007.665,42501.23,0.02625829
661.753,39988.071,42438.71,0.02583172
662.093,39836.236,42275.647,0.02581197
662.433,39648.339,42047.29,0.02551302
662.773,39523.678,41979.796,0.02618297
663.112,39427.96,41833.232,0.02571711
663.452,39333.938,41731.293,0.02569441
663.792,39343.525,41744.189,0.02572276
664.131,39150.268,41567.602,0.02602023
664.471,39026.18,41364.786,0.02527474
664.811,38963.188,41338.299,0.02569812
665.15,38883.013,41219.978,0.02534785
665.49,38742.419,41057.468,0.02520542
665.83,38670.532,40996.687,0.02536861
666.169,38572.627,40828.681,0.02468613
666.509,38468.223,40794.011,0.02549428
666.849,38278.408,40496.464,0.02446323
667.188,38270.501,40487.952,0.02446166
667.528,37953.341,40191.653,0.02488586
667.868,38069.077,40261.066,0.02431291
668.208,37900.1,40104.629,0.02455414
668.547,37876.164,40097.894,0.02475557
668.887,37754.502,39907.328,0.02408391
669.227,37410.683,39598.897,0.02468745
669.566,37505.41,39625.769,0.02388379
669.906,37405.839,39512.797,0.02379837
670.246,37194.301,39283.252,0.02373103
670.585,37169.314,39267.287,0.02384635
670.925,37034.942,39161.929,0.0242524
671.265,36832.094,38867.429,0.02335941
671.604,36772.526,38783.476,0.02312327
671.944,36728.397,38839.208,0.02426838
672.284,36572.998,38701.209,0.02456397
672.623,36433.95,38522.686,0.02421031
672.963,36358.551,38419.18,0.02394152
673.303,36165.002,38155.987,0.0232742
673.643,36023.171,38050.051,0.02377331
673.982,35887.581,37867.696,0.02332471
674.322,35773.974,37773.878,0.02362439
674.662,35758.956,37826.886,0.02441576
675.001,35501.944,37505.403,0.0238417
675.341,35548.319,37482.877,0.02301385
675.681,35292.816,37252.107,0.02346452
676.02,35199.515,37259.963,0.02470573
676.36,35170.644,37167.864,0.02398728
676.7,34991.313,36873.549,0.02275469
677.039,34854.327,36753.512,0.02304214
677.379,34724.539,36633.832,0.02324586
677.719,34533.885,36464.154,0.02362071
678.058,34446.017,36335.9,0.02319691
678.398,34458.948,36368.609,0.02342468
678.738,34347.315,36273.269,0.02369391
679.078,34156.503,36033.755,0.02323611
679.417,33932.137,35765.215,0.02284963
679.757,33976.479,35786.156,0.02253668
680.097,33994.273,35828.835,0.02282693
680.436,33639.755,35514.733,0.02355574
680.776,33503.219,35294.835,0.02262462
681.116,33349.628,35132.778,0.0226215
681.455,33372.426,35190.892,0.0230425
681.795,33145.022,34969.652,0.02327299
682.135,33076.958,34917.164,0.02351341
682.474,33094.137,34884.686,0.02288375
682.814,32879.581,34752.387,0.02405836
683.154,32698.486,34436.762,0.02249465
683.494,32746.522,34456.575,0.02210693
683.833,32675.263,34401.936,0.02236378
684.173,32451.415,34188.638,0.02264817
684.513,32377.072,34095.464,0.02245903
684.852,32237.23,33989.201,0.02298324
685.192,32132.968,33890.909,0.02313238
685.532,32022.624,33741.125,0.02270265
685.871,31916.052,33571.65,0.02196353
686.211,31789.116,33453.03,0.022157
686.551,31770.417,33387.376,0.02155937
686.89,31651.012,33295.328,0.02199571
687.23,31437.322,33076.889,0.02207912
687.57,31276.631,32919.205,0.02222937
687.909,31159.824,32767.849,0.02185294
688.249,31172.631,32723.587,0.02108745
688.589,30983.115,32623.498,0.02240545
688.929,30976.914,32522.607,0.02114719
689.268,30554.644,32126.778,0.02178996
689.608,30745.114,32321.82,0.0217197
689.948,30525.676,32150.255,0.02251914
690.287,30424.004,32041.903,0.02250193
690.627,30441.886,32006.715,0.02176956
690.967,30264.145,31856.978,0.02227616
691.306,30213.388,31815.684,0.02244183
691.646,30028.517,31536.018,0.02127296
691.986,29866.745,31391.884,0.02162949
692.325,29853.881,31372.019,0.02154168
692.665,29778.209,31244.227,0.02087121
693.005,29635.226,31122.3,0.02126344
693.344,29288.894,30733.062,0.02090285
693.684,29323.183,30765.609,0.0208544
694.024,29192.746,30657.735,0.02126512
694.364,29100.727,30533.575,0.02087382
694.703,29081.667,30503.802,0.02073468
695.043,29066.026,30577.756,0.02201995
695.383,28842.171,30263.238,0.02088744
695.722,28820.7,30227.03,0.02069094
696.062,28598.536,29974.219,0.02040407
696.402,28520.395,29963.007,0.02142986
696.741,28461.655,29890.746,0.02127661
697.081,28345.306,29729.841,0.02071144
697.421,28209.027,29664.52,0.02184922
697.76,28135.043,29539.672,0.02115809
698.1,28094.144,29474.251,0.02082697
698.44,27971.721,29346.226,0.02083307
698.779,27773.472,29127.393,0.02067144
699.119,27709.036,29057.644,0.02063898
699.459,27653.897,29043.299,0.0212896
699.799,27494.628,28930.714,0.02211131
700.138,27478.328,28835.529,0.02093762
700.478,27422.259,28732.347,0.02026788
700.818,27268.644,28580.929,0.0204128
701.157,27318.803,28629.597,0.02035356
701.497,27049.493,28390.004,0.02100632
701.837,26951.891,28301.029,0.02121298
702.176,26900.81,28211.698,0.02066387
702.516,26806.825,28169.482,0.02153349
702.856,26729.891,28054.066,0.02099863
703.195,26703.475,28015.882,0.02083652
703.535,26651.858,27956.413,0.02075395
703.875,26448.026,27723.818,0.02045978
704.214,26318.684,27536.479,0.01964425
704.554,26193.252,27457.02,0.02046399
704.894,26119.457,27440.715,0.02143129
705.234,26006.878,27259.453,0.0204289
705.573,25855.174,27148.322,0.02119552
705.913,25960.769,27219.908,0.02056909
706.253,25924.949,27180.47,0.02053905
706.592,25737.559,26923.927,0.01957105
706.932,25585.841,26848.158,0.02091479
707.272,25551.95,26773.918,0.02028788
707.611,25465.57,26679.82,0.02022949
707.951,25408.435,26626.388,0.02033433
708.291,25290.514,26538.563,0.02091975
708.63,25118.359,26356.419,0.02089515
708.97,25061.28,26291.848,0.02081787
709.31,25026.912,26262.877,0.02093504
709.65,24907.12,26131.444,0.0208399
709.989,24847.641,26045.437,0.02044648
710.329,24781.12,25972.128,0.02038659
710.669,24590.543,25874.363,0.02210154
711.008,24485.808,25739.429,0.02168446
711.348,24476.307,25676.411,0.02078843
711.688,24393.889,25550.123,0.02011195
712.027,24286.327,25478.646,0.0208145
712.367,24232.127,25429.286,0.02094264
712.707,24114.533,25311.533,0.02103959
713.046,24004.355,25213.776,0.02134785
713.386,23946.566,25098.281,0.02040073
713.726,23890.613,25039.575,0.02039965
714.065,23733.556,24834.157,0.0196866
714.405,23665.233,24782.837,0.02004024
714.745,23553.462,24705.492,0.02073875
715.085,23497.968,24668.064,0.02110474
715.424,23508.393,24656.347,0.0207058
715.764,23332.8,24425.633,0.01987896
716.104,23260.961,24345.866,0.01979756
716.443,23099.698,24245.997,0.02103374
716.783,23049.074,24184.953,0.02089175
717.123,23017.25,24107.509,0.02009891
717.462,22944.578,24091.171,0.02117784
717.802,22810.782,23920.777,0.02063511
718.142,22845.09,23970.197,0.02087873
718.481,22628.321,23732.712,0.02069504
718.821,22511.881,23615.256,0.02078088
719.161,22480.33,23550.097,0.02019002
719.5,22424.605,23517.538,0.02066706
719.84,22311.525,23386.477,0.02043556
720.18,22217.838,23288.662,0.02044276
720.52,22113.202,23207.866,0.02098357
720.859,22127.545,23205.487,0.02065747
721.199,21919.334,22973.168,0.02039354
721.539,21967.846,23019.643,0.02031111
721.878,21845.771,22883.05,0.02014653
722.218,21802.747,22910.163,0.02151697
722.558,21660.125,22680.604,0.01999367
722.897,21534.775,22572.692,0.02044301
723.237,21445.277,22452.271,0.01992862
723.577,21414.793,22405.944,0.01964936
723.916,21364.873,22343.75,0.01945573
724.256,21273.137,22257.906,0.01965277
724.596,21185.393,22187.105,0.02006411
724.935,21156.636,22159.02,0.02010394
725.275,21003.887,21997.824,0.02008005
725.615,20886.965,21870.699,0.01998732
725.955,20846.48,21779.213,0.01900945
726.294,20716.202,21692.762,0.02000472
726.634,20691.803,21703.169,0.02072481
726.974,20465.438,21345.665,0.01828864
727.313,20611.347,21612.996,0.02060861
727.653,20367.634,21318.068,0.01980725
727.993,20406.738,21355.005,0.01972609
728.332,20231.858,21170.703,0.01969952
728.672,20159.367,21080.107,0.0193959
729.012,20086.975,20980.395,0.01889913
729.351,19961.654,20885.225,0.01964262
729.691,19864.695,20806.033,0.02010736
730.031,19795.713,20738.715,0.02021071
730.371,19778.808,20693.187,0.01962727
730.71,19717.267,20644.461,0.01995682
731.05,19529.733,20472.698,0.02047877
731.39,19458.359,20372.603,0.01994031
731.729,19453.057,20319.356,0.01892209
732.069,19323.279,20231.533,0.01994797
732.409,19281.404,20246.478,0.02121084
732.748,19220.681,20115.608,0.0197644
733.088,19027.663,19954.869,0.02066343
733.428,18975.141,19896.625,0.0205944
733.767,18930.857,19838.133,0.02033051
734.107,18820.136,19747.376,0.02088663
734.447,18759.598,19648.608,0.02010826
734.786,18613.325,19545.048,0.0212128
735.126,18538.931,19387.922,0.01944657
735.466,18513.683,19381.234,0.0198886
735.806,18435.007,19275.278,0.01935734
736.145,18355.547,19202.957,0.01960077
736.485,18132.023,19009.661,0.02052811
736.825,18098.23,18983.926,0.02074993
737.164,18074.73,18914.51,0.01972327
737.504,17961.554,18804.997,0.01992937
737.844,17865.118,18689.674,0.01959584
738.183,17695.982,18569.324,0.02092142
738.523,17628.948,18505.998,0.02108613
738.863,17582.263,18406.927,0.01990651
739.202,17431.821,18233.325,0.01952312
739.542,17334.353,18163.916,0.02030186
739.882,17177.063,18005.49,0.02045604
740.221,17212.204,18015.716,0.01981504
740.561,17006.104,17833.406,0.02062946
740.901,17016.985,17832.207,0.02032249
741.241,16816.415,17598.302,0.01973735
741.58,16674.849,17490.847,0.02074892
741.92,16688.247,17506.867,0.02079771
742.26,16639.726,17452.837,0.02071986
742.599,16546.351,17336.7,0.02026422
742.939,16521.349,17322.277,0.02055945
743.279,16514.429,17327.335,0.02086822
743.618,16443.238,17247.633,0.02074215
743.958,16457.963,17307.617,0.02186121
744.298,16384.221,17218.354,0.02156586
744.637,16377.755,17202.354,0.02133351
744.977,16448.004,17278.378,0.02138977
745.317,16400.07,17198.37,0.02064161
745.656,16371.759,17152.748,0.02023836
745.996,16367.315,17125.034,0.01965402
746.336,16388.601,17167.768,0.02017194
746.676,16376.061,17202.604,0.02138474
747.015,16336.008,17143.777,0.02096055
747.355,16360.297,17146.349,0.02038049
747.695,16376.422,17146.885,0.0199662
748.034,16348.883,17146.513,0.02068772
748.374,16283.527,17115.977,0.02165322
748.714,16234.794,17058.551,0.02149536
749.053,16283.193,17098.89,0.02122835
749.393,16237.265,17056.126,0.02136751
749.733,16305.467,17117.26,0.02110101
750.072,16277.186,17078.864,0.02087963
750.412,16261.705,17043.598,0.02039522
750.752,16277.57,17059.613,0.0203796
751.091,16310.61,17074.427,0.01987595
751.431,16281.909,17073.42,0.02061521
751.771,16250.961,17047.329,0.02077729
752.111,16186.531,17008.188,0.02150429
752.45,16162.007,16987.209,0.02162673
752.79,16100.08,16895.945,0.02095446
753.13,16142.349,16954.834,0.02132681
753.469,16102.822,16899.757,0.02097848
753.809,16017.517,16816.553,0.0211418
754.149,15977.108,16778.339,0.02125078
754.488,15931.848,16693.425,0.02027929
754.828,15838.199,16577.513,0.01981359
755.168,15863.338,16638.637,0.02072317
755.507,15769.354,16517.731,0.0201365
755.847,15740.111,16460.808,0.01944335
756.187,15699.054,16452.221,0.02035105
756.527,15693.978,16451.09,0.02046164
756.866,15651.204,16428.719,0.02105595
757.206,15553.453,16325.241,0.02103279
757.546,15469.392,16248.349,0.02133601
757.885,15392.822,16106.881,0.01969321
758.225,15335.78,16079.092,0.02055566
758.565,15252.09,15992.873,0.02059714
758.904,15172.296,15917.397,0.02082075
759.244,15126.348,15841.736,0.02006868
759.584,15018.165,15799.152,0.02201692
759.923,14983.15,15748.115,0.02162544
760.263,14942.728,15692.307,0.02125691
760.603,14782.21,15525.138,0.0212961
760.942,14738.887,15458.107,0.02069164
761.282,14653.636,15387.556,0.02122426
761.622,14572.741,15287.964,0.02080839
761.962,14516.484,15234.847,0.02097665
762.301,14457.298,15167.522,0.02082751
762.641,14388.638,15075.321,0.02024689
762.981,14195.102,14894.303,0.02088167
763.32,14185.726,14837.2,0.01950038
763.66,14028.267,14700.474,0.02032733
764,13988.74,14552.778,0.01716731
764.339,13905.435,14599.858,0.02116406
764.679,13787.287,14455.386,0.02055088
765.019,13682.283,14340.835,0.02041586
765.358,13562.839,14238.511,0.02111396
765.698,13502.909,14183.428,0.02135389
766.038,13435.041,14094.557,0.02081243
766.377,13333.074,13986.429,0.02077657
766.717,13238.035,13876.477,0.02045569
767.057,13140.695,13810.688,0.02159697
767.397,13096.35,13699.921,0.01956777
767.736,12983.058,13595.913,0.02003138
768.076,12898.472,13510.425,0.02013072
768.416,12785.24,13412.847,0.02081206
768.755,12707.664,13327.156,0.02067175
769.095,12630.28,13267.527,0.02137701
769.435,12560.052,13204.969,0.02174594
769.774,12467.072,13072.449,0.02059249
770.114,12415.953,12946.255,0.0181641
770.454,12283.999,12848.811,0.01952316
770.793,12186.884,12805.314,0.02149755
771.133,12142.765,12738.856,0.02081284
771.473,12059.814,12578.029,0.01827201
771.812,11942.991,12532.491,0.0209243
772.152,11866.955,12458.365,0.02112177
772.492,11794.778,12348.175,0.01991299
772.832,11695.895,12269.015,0.02077623
773.171,11607.482,12216.028,0.02219197
773.511,11509.674,12065.884,0.02049614
773.851,11465.174,12005.633,0.0200044
774.19,11416.615,11975.818,0.02076784
774.53,11292.138,11797.724,0.01902206
774.87,11214.825,11757.208,0.02051169
775.209,11172.807,11715.59,0.02060188
775.549,11088.878,11648.721,0.02139062
775.889,11026.457,11582.356,0.02136092
776.228,10918.521,11445.997,0.02048982
776.568,10823.067,11376.177,0.02164598
776.908,10752.523,11298.018,0.02149188
777.247,10642.214,11120,0.01907276
777.587,10617.557,11171.619,0.02209155
777.927,10541.531,11024.752,0.01946514
778.267,10461.011,10957.968,0.02015635
778.606,10377.15,10901.946,0.02142594
778.946,10360.147,10852.991,0.02018352
779.286,10231.397,10741.85,0.02114415
779.625,10181.368,10674.931,0.02055895
779.965,10098.033,10552.011,0.01909842
780.305,10007.707,10487.152,0.02032299
780.644,9949.1474,10403.492,0.01939325
780.984,9886.6066,10369.079,0.02069293
781.324,9821.2809,10238.117,0.01805197
781.663,9764.9412,10246.959,0.02092535
782.003,9683.1281,10161.484,0.02094147
782.343,9587.9132,10023.775,0.01930723
782.683,9553.8707,9994.9908,0.01960304
783.022,9486.7003,9930.8189,0.01986988
783.362,9413.0744,9840.3474,0.01927894
783.702,9324.4187,9813.2245,0.02218997
784.041,9305.3514,9757.8759,0.02062251
784.381,9190.7495,9609.6976,0.0193588
784.721,9164.3538,9581.5505,0.01933395
785.06,9079.126,9553.1861,0.02210419
785.4,9023.3997,9477.5981,0.0213281
785.74,8975.933,9401.5956,0.02012196
786.079,8927.3921,9355.5578,0.02034508
786.419,8843.0353,9256.938,0.019866
786.759,8805.5066,9199.5509,0.01901228
787.098,8738.4969,9125.1911,0.01880523
787.438,8677.9232,9110.4115,0.02112219
787.778,8614.5454,9030.1588,0.02046302
788.118,8569.6758,8964.5625,0.01956471
788.457,8504.9392,8907.8875,0.02010351
788.797,8464.0765,8868.5082,0.02027099
789.137,8388.5766,8813.9998,0.02148476
789.476,8370.1758,8769.339,0.02023228
789.816,8294.0087,8690.4631,0.02027843
790.156,8268.8075,8642.864,0.0192148
790.495,8181.5024,8565.2004,0.01990447
790.835,8106.8757,8457.4805,0.01838749
791.175,8108.9135,8465.1579,0.0186724
791.514,8019.8985,8399.3477,0.02007668
791.854,7955.7386,8335.0087,0.02022555
792.194,7927.9998,8309.3413,0.02040296
792.533,7862.3625,8203.2015,0.01843032
792.873,7766.6676,8163.0997,0.02162038
793.213,7762.9263,8128.7066,0.01999598
793.553,7720.4201,8093.5813,0.0204998
793.892,7643.5171,8039.6241,0.0219425
794.232,7628.6433,8009.1501,0.02113912
794.572,7574.9576,7940.4825,0.02046668
794.911,7523.6149,7900.0738,0.02120459
795.251,7471.9401,7842.9404,0.02104553
795.591,7312.6928,7625.3623,0.01818316
795.93,7120.2101,7453.3184,0.01985687
796.27,6853.4636,7192.9972,0.02099978
796.61,6767.1835,7064.1086,0.01864942
796.949,7292.6943,7626.3181,0.01942691
797.289,7186.7684,7518.2604,0.01958371
797.629,7105.4334,7469.477,0.02169963
797.968,7062.8137,7405.8069,0.02059463
798.308,7040.5236,7399.7238,0.02161055
798.648,6981.8232,7328.6383,0.02105444
798.988,6936.4464,7259.13,0.01974754
799.327,6878.4379,7238.2503,0.02214377
799.667,6807.2113,7139.2971,0.02068623
800.007,6765.2877,7096.0227,0.02072873
800.346,6738.4963,7072.8688,0.02103261
800.686,6681.7539,7022.9264,0.02162764
801.026,6625.1734,6943.4751,0.02037963
801.365,6602.1229,6908.5413,0.01970275
801.705,6563.5009,6885.1764,0.02077952
802.045,6527.0227,6807.394,0.01826576
802.384,6459.5329,6746.2125,0.0188589
802.724,6462.7343,6760.542,0.01956521
803.064,6383.7502,6711.9944,0.0217757
803.403,6353.9659,6647.4644,0.01961114
803.743,6292.1736,6609.0451,0.02133802
804.083,6281.5855,6579.6673,0.02013466
804.423,6254.7825,6533.3821,0.01892585
804.762,6183.6066,6494.2507,0.0212872
805.102,6147.2152,6421.7911,0.01897776
805.442,6095.2319,6379.3617,0.01978699
805.781,6052.3618,6310.5873,0.0181449
806.121,6023.6903,6277.9787,0.01795721
806.461,6002.1277,6251.6822,0.01769166
806.8,5940.6836,6214.9683,0.01960249
807.14,5936.4259,6205.4462,0.01924797
807.48,5860.3855,6119.1134,0.01876232
807.819,5842.7452,6094.4536,0.01831783
808.159,5756.5408,6048.5257,0.02148794
808.499,5759.8317,6027.9522,0.01976001
808.839,5712.5866,5941.193,0.01704087
809.178,5684.316,5934.6251,0.01871507
809.518,5613.4501,5909.965,0.02235505
809.858,5578.66,5841.9062,0.02002469
810.197,5546.4558,5812.5873,0.02035394
810.537,5475.0045,5721.7528,0.01914461
810.877,5474.2971,5705.9099,0.01799654
811.216,5428.8469,5681.2913,0.01973946
811.556,5371.0977,5620.3457,0.01969998
811.896,5347.5763,5587.9255,0.01909362
812.235,5326.3069,5568.5031,0.01931228
812.575,5282.1299,5514.5052,0.01869747
812.915,5255.7225,5501.9566,0.01988473
813.254,5218.5524,5470.1205,0.02044684
813.594,5149.5747,5407.9518,0.02126145
813.934,5161.202,5401.1193,0.01973292
814.274,5095.8271,5346.7687,0.02087671
814.613,5050.0457,5312.6384,0.02201495
814.953,5050.1477,5267.8111,0.01832611
815.293,5003.6844,5237.7203,0.01985239
815.632,4971.159,5203.3076,0.01982185
815.972,4915.233,5164.3888,0.02147482
816.312,4943.5046,5153.5869,0.01807465
816.651,4875.9472,5057.979,0.01591803
816.991,4817.5168,5058.3816,0.02118835
817.331,4770.8562,5002.6955,0.02060774
817.67,4735.3222,4970.8895,0.02108458
818.01,4707.0199,4937.163,0.02073143
818.35,4680.0796,4889.1341,0.01897871
818.689,4659.4592,4872.5413,0.01942001
819.029,4633.6204,4806.327,0.01589287
819.369,4586.9019,4794.0286,0.01918117
819.709,4569.4513,4754.8552,0.01727325
820.048,4527.9481,4747.2501,0.02054068
820.388,4497.2557,4729.6663,0.02188292
820.728,4459.0294,4680.2106,0.02102506
821.067,4434.2299,4624.0945,0.01820849
821.407,4422.1964,4588.1454,0.01599915
821.747,4372.1861,4600.0046,0.02205963
822.086,4321.3569,4497.3036,0.01733207
822.426,4311.9121,4500.5208,0.01859287
822.766,4275.8171,4465.742,0.0188745
823.105,4253.255,4444.9327,0.01914377
823.445,4225.1313,4397.2695,0.01734287
823.785,4172.7893,4375.5847,0.02060964
824.124,4154.9144,4357.9205,0.02071722
824.464,4114.7721,4292.1397,0.01832806
824.804,4076.8294,4271.1697,0.02022428
825.144,4074.355,4243.8596,0.01770215
825.483,4035.2866,4220.1689,0.01945544
825.823,3984.7489,4179.1973,0.02069191
826.163,3971.9596,4141.8987,0.01819465
826.502,3952.334,4128.2016,0.01890726
826.842,3917.8451,4097.1815,0.01943794
827.182,3882.3004,4022.3204,0.01538753
827.521,3842.7537,4007.8966,0.01827395
827.861,3801.6122,3991.0438,0.02111868
828.201,3797.4313,3974.7263,0.01981731
828.54,3778.6493,3940.768,0.01824428
828.88,3732.1423,3900.691,0.01918336
829.22,3710.0309,3887.4456,0.02028679
829.559,3687.1458,3858.7573,0.01975715
829.899,3655.3609,3821.2584,0.01927614
830.239,3636.1707,3789.5081,0.01793857
830.579,3612.8895,3757.8671,0.01708674
830.918,3576.9412,3736.1187,0.01890887
831.258,3549.4123,3718.7561,0.02024124
831.598,3536.3898,3668.5574,0.01593518
831.937,3505.4258,3676.3418,0.0206751
832.277,3479.4535,3614.557,0.01654405
832.617,3438.89,3571.2037,0.01639634
832.956,3407.1968,3552.5644,0.01814474
833.296,3389.7491,3535.9173,0.01833454
833.636,3368.9173,3491.3481,0.01550281
833.975,3325.6699,3476.2322,0.01922964
834.315,3309.6264,3442.5813,0.01710524
834.655,3277.318,3421.8675,0.01874461
834.995,3262.7673,3392.9143,0.01698679
835.334,3244.2124,3385.5327,0.01851774
835.674,3222.18,3336.6593,0.01516206
836.014,3186.9585,3321.2589,0.01792631
836.353,3158.0193,3305.5397,0.01982759
836.693,3115.8592,3254.4326,0.01889746
837.033,3097.9742,3237.4912,0.01913079
837.372,3079.5984,3229.0779,0.02058444
837.712,3045.4847,3174.6971,0.01804586
838.052,3031.579,3164.9129,0.01869287
838.391,3005.2518,3134.4264,0.01827721
838.731,2978.0939,3102.0977,0.01771709
839.071,2958.1613,3063.5367,0.01520123
839.41,2935.4072,3061.2788,0.01823452
839.75,2910.0022,3055.6359,0.02120829
840.09,2887.3708,3027.0782,0.02052108
840.43,2867.9221,2985.8458,0.01750003
840.769,2832.1805,2953.9312,0.01827944
841.109,2793.3515,2933.0493,0.02119377
841.449,2784.795,2900.7824,0.01772192
841.788,2758.0282,2893.2509,0.02078739
842.128,2749.9342,2868.7663,0.01837287
842.468,2725.7856,2837.7504,0.0174825
842.807,2681.6681,2800.3343,0.01880485
843.147,2671.104,2782.7908,0.01778977
843.487,2651.2138,2740.0473,0.0143133
843.826,2632.5342,2727.8232,0.01544219
844.166,2598.3461,2718.0312,0.01955743
844.506,2601.9384,2713.9565,0.01830587
844.845,2566.9304,2671.7984,0.01738959
845.185,2545.2336,2661.6792,0.01942805
845.525,2530.7291,2643.9398,0.0190059
845.865,2499.5108,2610.0566,0.01879491
846.204,2471.3448,2562.0241,0.01564987
846.544,2466.9677,2563.2673,0.01663044
846.884,2440.8067,2537.2353,0.01682735
847.223,2400.4776,2529.1506,0.02267703
847.563,2396.5292,2511.9724,0.02043215
847.903,2384.7665,2489.3275,0.01863617
848.242,2349.3663,2458.1992,0.01966634
848.582,2326.7149,2451.2076,0.02263693
848.922,2307.1887,2408.5634,0.01867496
849.261,2288.7101,2395.0624,0.01972604
849.601,2264.9441,2371.9851,0.02005447
849.941,2252.361,2339.1613,0.01642219
850.28,2230.4369,2326.058,0.0182306
850.62,2206.878,2320.3778,0.02178037
850.96,2194.3011,2272.5746,0.01522192
851.3,2157.9156,2253.872,0.01889478
851.639,2155.0584,2250.8017,0.01887819
851.979,2139.659,2228.6101,0.01768955
852.319,2107.4643,2199.4036,0.0185447
852.658,2096.1831,2177.7735,0.01658349
852.998,2076.6481,2161.3947,0.01737118
853.338,2064.6026,2141.3524,0.01585168
853.677,2052.0613,2128.5312,0.0158897
854.017,2021.9594,2105.961,0.01767791
854.357,2002.6456,2071.981,0.01478167
854.696,1978.7957,2061.0584,0.01768934
855.036,1963.4618,2049.782,0.01868521
855.376,1955.529,2015.1106,0.01303463
855.715,1922.2873,1998.3086,0.01684426
856.055,1911.9892,1991.4526,0.01768454
856.395,1892.6143,1964.8723,0.01627222
856.735,1866.6994,1952.6245,0.01954434
857.074,1850.9859,1943.4599,0.02117247
857.414,1831.0243,1900.9037,0.016266
857.754,1812.5473,1885.5431,0.01714711
858.093,1802.8156,1891.1446,0.02077344
858.433,1776.862,1853.238,0.0182775
858.773,1762.0016,1835.8454,0.01782981
859.112,1735.3691,1820.0164,0.02068343
859.452,1730.0999,1789.2721,0.0146052
859.792,1717.526,1778.9327,0.0152562
860.131,1701.2316,1756.0536,0.01377431
860.471,1679.0735,1742.7423,0.01616346
860.811,1681.048,1737.1266,0.01425136
861.151,1649.6537,1703.6829,0.01399597
861.49,1630.6229,1686.0271,0.01451103
861.83,1626.7736,1680.3361,0.01406904
862.17,1587.8025,1658.2024,0.01884105
862.509,1575.5309,1658.2727,0.02222903
862.849,1571.276,1638.269,0.01813273
863.189,1548.5045,1604.5117,0.01543042
863.528,1542.7998,1592.9061,0.0138806
863.868,1533.9757,1578.3795,0.01239296
864.208,1505.442,1570.2972,0.01831785
864.547,1491.7579,1560.3156,0.0195141
864.887,1478.4207,1544.954,0.0191175
865.227,1464.9124,1539.7006,0.02162463
865.566,1454.5498,1504.9275,0.014787
865.906,1422.9776,1496.1614,0.02178038
866.246,1422.862,1491.8563,0.02056419
866.586,1414.2607,1471.9835,0.01737349
866.925,1389.0851,1457.4243,0.02085717
867.265,1380.451,1443.5565,0.01941277
867.605,1372.8231,1432.4966,0.01847905
867.944,1355.2047,1409.0297,0.01691525
868.284,1353.906,1406.9729,0.01669724
868.624,1335.2253,1379.0826,0.01403574
868.963,1315.6304,1364.1741,0.01573588
869.303,1294.9806,1346.7284,0.01701675
869.643,1284.8867,1330.5282,0.01515925
869.982,1270.3765,1312.7815,0.01426
870.322,1259.6048,1320.9608,0.02065561
870.662,1246.7987,1295.5381,0.01665386
871.001,1238.3366,1289.8827,0.01771152
871.341,1225.6863,1282.7493,0.01976246
871.681,1209.9869,1267.4183,0.02013931
872.021,1202.7809,1249.5263,0.01655888
872.36,1183.2851,1229.764,0.01673239
872.7,1183.5436,1208.7434,0.009149873
873.04,1159.4444,1219.7663,0.02202673
873.379,1152.0037,1198.1882,0.01707117
873.719,1134.2162,1183.6055,0.01851115
874.059,1131.0769,1165.0143,0.01283915
874.398,1114.2908,1156.7446,0.01623891
874.738,1105.5122,1149.2332,0.01684463
875.078,1097.0941,1145.5912,0.01878578
875.417,1077.7054,1116.6648,0.01542279
875.757,1072.8183,1123.7699,0.02015124
876.097,1055.0859,1101.7243,0.01878512
876.436,1050.9328,1090.9094,0.01621375
876.776,1038.4672,1086.984,0.01983033
877.116,1026.0301,1078.2488,0.02155886
877.456,1022.3593,1067.7038,0.01884725
877.795,1011.1073,1048.5176,0.0157785
878.135,1004.0215,1040.2453,0.01539274
878.475,998.00855,1024.3577,0.01131737
878.814,979.76326,1009.6183,0.01303605
879.154,971.42034,1021.9366,0.02201675
879.494,964.40731,1012.1011,0.02096342
879.833,957.64662,997.28562,0.01761428
880.173,939.93897,980.71777,0.01844439
880.513,930.61189,976.16315,0.02075381
880.852,935.85126,974.40566,0.01753297
881.192,923.23612,945.27473,0.01024526
881.532,914.01481,946.90162,0.01535163
881.871,911.61552,925.96016,0.006780594
882.211,894.04561,930.08244,0.01716177
882.551,883.59085,921.03423,0.01802456
882.891,869.441,917.50854,0.02336999
883.23,871.81961,898.76993,0.0132219
883.57,865.78701,889.84209,0.01190188
883.91,857.7527,886.34882,0.01424258
884.249,854.74533,887.818,0.01648721
884.589,854.74533,887.818,0.01648721
